account_id,customer_id,account_type,opened_date,status
1,206,Checking,2025-03-08,Active
2,276,Credit,2025-08-19,Active
3,466,Loan,2025-02-07,Active
4,256,Checking,2025-11-29,Active
5,266,Savings,2025-02-21,Active
6,25,Checking,2025-10-29,Active
7,450,Credit,2025-03-21,Active
8,281,Savings,2025-12-03,Active
9,253,Savings,2025-09-08,Active
10,310,Credit,2025-07-04,Active
11,289,Checking,2025-01-30,Active
12,164,Loan,2025-03-13,Active
13,95,Savings,2025-05-26,Active
14,270,Checking,2025-01-30,Active
15,321,Savings,2025-12-10,Active
16,110,Credit,2025-03-30,Active
17,336,Checking,2025-03-18,Closed
18,310,Credit,2025-07-14,Active
19,238,Loan,2025-04-04,Closed
20,381,Checking,2025-12-09,Active
21,436,Loan,2025-03-29,Active
22,387,Checking,2025-06-20,Active
23,483,Checking,2025-03-08,Closed
24,425,Checking,2025-01-29,Active
25,390,Credit,2025-09-09,Active
26,25,Savings,2025-06-02,Active
27,141,Checking,2025-12-25,Active
28,117,Savings,2026-01-06,Active
29,482,Savings,2025-06-17,Active
30,392,Checking,2025-09-03,Active
31,405,Credit,2025-09-01,Active
32,482,Credit,2025-10-16,Active
33,452,Savings,2025-02-20,Active
34,25,Loan,2026-01-28,Active
35,79,Savings,2025-05-22,Closed
36,68,Loan,2026-01-15,Active
37,173,Savings,2025-08-08,Active
38,444,Savings,2025-04-12,Active
39,12,Checking,2025-10-05,Active
40,288,Credit,2025-06-16,Active
41,128,Savings,2025-07-27,Active
42,96,Checking,2025-11-18,Active
43,92,Checking,2025-10-24,Active
44,141,Savings,2025-10-31,Active
45,31,Savings,2025-10-12,Active
46,334,Credit,2026-01-01,Active
47,20,Credit,2025-01-29,Closed
48,146,Checking,2025-05-02,Active
49,477,Credit,2025-09-18,Active
50,316,Checking,2025-04-01,Active
51,447,Credit,2025-03-07,Active
52,390,Credit,2025-02-10,Active
53,160,Savings,2025-11-25,Active
54,349,Credit,2025-10-25,Active
55,43,Checking,2025-10-03,Active
56,254,Savings,2025-10-30,Active
57,130,Credit,2025-04-22,Active
58,60,Savings,2025-06-17,Active
59,151,Checking,2025-08-29,Active
60,467,Savings,2025-11-13,Active
61,287,Credit,2025-05-04,Active
62,499,Checking,2025-02-15,Active
63,5,Checking,2025-08-03,Active
64,467,Credit,2025-03-21,Active
65,418,Credit,2025-07-22,Active
66,266,Checking,2025-05-08,Active
67,345,Checking,2026-01-27,Active
68,130,Checking,2025-02-21,Active
69,382,Checking,2025-04-25,Active
70,267,Savings,2025-08-28,Active
71,178,Credit,2025-09-18,Active
72,253,Savings,2025-06-05,Active
73,415,Savings,2025-07-17,Active
74,56,Checking,2025-09-19,Closed
75,463,Credit,2025-03-27,Closed
76,457,Savings,2025-09-22,Active
77,471,Loan,2025-11-07,Closed
78,83,Savings,2025-02-14,Frozen
79,393,Checking,2025-02-18,Active
80,99,Savings,2025-10-26,Active
81,149,Checking,2025-08-07,Active
82,329,Savings,2025-12-02,Active
83,156,Checking,2025-10-06,Active
84,190,Checking,2025-07-09,Active
85,494,Credit,2025-07-16,Frozen
86,371,Checking,2026-01-21,Active
87,263,Credit,2025-05-06,Active
88,80,Checking,2025-11-05,Active
89,400,Savings,2025-07-08,Active
90,252,Savings,2026-01-07,Frozen
91,97,Savings,2025-07-18,Active
92,260,Checking,2025-07-14,Active
93,260,Checking,2025-10-19,Active
94,103,Checking,2025-05-25,Active
95,40,Checking,2025-08-10,Active
96,273,Savings,2026-01-19,Active
97,101,Loan,2025-07-21,Active
98,359,Credit,2025-10-01,Active
99,380,Credit,2025-03-29,Active
100,308,Credit,2025-10-24,Active
101,221,Savings,2025-03-17,Active
102,308,Checking,2026-01-26,Active
103,420,Loan,2025-11-25,Active
104,124,Savings,2025-10-22,Active
105,422,Savings,2025-03-23,Active
106,231,Checking,2025-02-08,Active
107,178,Savings,2025-05-13,Active
108,63,Savings,2025-07-30,Active
109,485,Credit,2025-07-08,Active
110,116,Savings,2025-07-21,Active
111,191,Checking,2026-01-21,Active
112,62,Loan,2025-06-15,Active
113,256,Checking,2025-05-03,Active
114,483,Savings,2025-02-23,Frozen
115,7,Checking,2025-07-16,Active
116,155,Credit,2025-09-08,Active
117,92,Loan,2025-03-08,Active
118,470,Checking,2025-12-25,Active
119,14,Credit,2026-01-08,Active
120,455,Checking,2025-09-26,Active
121,229,Loan,2026-01-16,Closed
122,86,Credit,2025-02-04,Closed
123,133,Credit,2025-05-29,Active
124,183,Checking,2025-12-29,Active
125,386,Loan,2025-05-24,Active
126,62,Credit,2025-03-12,Frozen
127,219,Checking,2025-03-01,Frozen
128,405,Credit,2025-05-27,Active
129,246,Checking,2025-10-05,Active
130,230,Credit,2025-04-15,Active
131,79,Checking,2025-04-18,Active
132,149,Credit,2025-05-31,Active
133,138,Savings,2025-03-23,Active
134,471,Checking,2025-05-06,Active
135,314,Checking,2025-03-23,Active
136,376,Checking,2025-10-03,Active
137,423,Savings,2025-04-22,Closed
138,389,Checking,2025-11-16,Active
139,65,Savings,2026-01-07,Active
140,13,Checking,2025-02-22,Active
141,213,Checking,2026-01-11,Active
142,474,Credit,2025-11-05,Active
143,242,Checking,2025-04-27,Active
144,493,Loan,2025-05-29,Active
145,213,Credit,2025-08-19,Active
146,181,Savings,2026-01-26,Active
147,338,Savings,2025-10-30,Active
148,485,Credit,2025-11-20,Active
149,173,Checking,2026-01-01,Active
150,160,Checking,2025-12-26,Active
151,164,Checking,2025-10-02,Active
152,465,Credit,2025-09-05,Active
153,483,Checking,2025-02-01,Active
154,497,Savings,2025-02-13,Active
155,188,Loan,2025-04-15,Active
156,395,Credit,2025-02-19,Active
157,191,Savings,2025-04-26,Active
158,405,Checking,2025-03-15,Active
159,308,Credit,2025-06-30,Frozen
160,256,Savings,2026-01-21,Active
161,183,Checking,2025-07-27,Active
162,117,Checking,2025-03-03,Active
163,282,Loan,2025-02-26,Active
164,196,Savings,2025-12-19,Active
165,34,Credit,2025-04-13,Active
166,52,Credit,2026-01-28,Closed
167,112,Savings,2025-02-05,Active
168,252,Savings,2025-08-04,Active
169,82,Savings,2025-02-27,Active
170,232,Checking,2025-08-30,Active
171,227,Savings,2025-04-25,Active
172,233,Credit,2025-03-24,Active
173,221,Savings,2025-09-16,Active
174,436,Credit,2025-06-30,Active
175,413,Savings,2025-06-29,Closed
176,422,Savings,2025-11-28,Closed
177,42,Savings,2025-04-22,Active
178,21,Savings,2025-09-24,Active
179,42,Credit,2025-09-24,Active
180,397,Checking,2025-08-23,Closed
181,113,Savings,2025-11-08,Active
182,105,Checking,2025-07-10,Active
183,192,Checking,2025-04-03,Active
184,17,Savings,2025-02-26,Active
185,120,Savings,2025-07-03,Frozen
186,393,Loan,2025-07-20,Active
187,425,Savings,2025-11-14,Closed
188,129,Credit,2026-01-19,Active
189,130,Savings,2025-11-19,Frozen
190,60,Savings,2025-02-06,Active
191,48,Checking,2025-12-28,Active
192,29,Checking,2025-09-01,Active
193,97,Checking,2025-11-19,Active
194,10,Savings,2025-08-20,Active
195,242,Checking,2025-03-20,Frozen
196,314,Checking,2025-10-18,Active
197,444,Checking,2025-10-09,Active
198,232,Loan,2025-01-30,Closed
199,277,Checking,2025-03-18,Active
200,284,Savings,2025-08-18,Active
201,203,Checking,2025-08-27,Active
202,247,Savings,2025-08-11,Active
203,290,Checking,2025-03-11,Active
204,264,Checking,2025-04-14,Active
205,443,Savings,2025-02-26,Active
206,214,Checking,2025-02-21,Active
207,200,Checking,2025-02-16,Active
208,433,Checking,2025-11-03,Active
209,79,Checking,2025-04-10,Frozen
210,401,Checking,2026-01-08,Active
211,444,Checking,2025-09-19,Frozen
212,343,Credit,2025-10-21,Active
213,344,Savings,2025-06-26,Active
214,173,Savings,2025-09-01,Active
215,467,Checking,2025-10-20,Active
216,69,Loan,2025-05-15,Active
217,416,Checking,2025-12-21,Active
218,428,Checking,2025-10-02,Active
219,449,Savings,2026-01-23,Active
220,87,Checking,2025-05-07,Active
221,101,Checking,2025-08-24,Active
222,8,Savings,2025-12-12,Active
223,333,Credit,2025-01-31,Active
224,200,Savings,2025-05-12,Active
225,87,Credit,2025-08-12,Active
226,43,Loan,2025-04-08,Active
227,385,Checking,2025-10-24,Active
228,109,Checking,2025-08-21,Active
229,435,Checking,2025-10-19,Active
230,408,Savings,2025-11-19,Active
231,483,Savings,2025-03-12,Active
232,152,Loan,2025-11-29,Active
233,17,Credit,2025-06-26,Active
234,133,Savings,2025-11-27,Active
235,148,Checking,2025-08-12,Active
236,277,Credit,2025-11-15,Active
237,232,Loan,2025-10-01,Active
238,314,Credit,2025-06-02,Active
239,415,Checking,2025-08-30,Active
240,366,Savings,2025-09-10,Active
241,228,Checking,2025-11-12,Active
242,139,Checking,2025-07-01,Active
243,436,Checking,2025-10-21,Active
244,399,Savings,2025-11-11,Active
245,211,Savings,2025-11-06,Active
246,391,Checking,2025-09-01,Active
247,499,Checking,2025-04-28,Active
248,28,Savings,2025-05-03,Active
249,51,Checking,2025-05-22,Active
250,491,Checking,2025-12-29,Active
251,442,Savings,2025-12-15,Active
252,261,Credit,2026-01-09,Active
253,261,Checking,2025-10-28,Active
254,350,Checking,2025-03-25,Active
255,352,Checking,2025-07-27,Active
256,8,Loan,2026-01-08,Frozen
257,320,Savings,2026-01-25,Closed
258,138,Savings,2026-01-02,Active
259,38,Checking,2025-07-30,Active
260,111,Savings,2025-08-29,Active
261,480,Checking,2025-08-16,Active
262,368,Savings,2025-03-16,Active
263,220,Loan,2025-11-22,Active
264,337,Savings,2025-09-05,Active
265,223,Credit,2025-10-01,Active
266,136,Credit,2025-06-21,Active
267,256,Checking,2025-08-04,Active
268,360,Loan,2025-05-24,Active
269,409,Checking,2025-03-03,Active
270,329,Savings,2025-08-06,Active
271,450,Checking,2025-07-30,Active
272,463,Checking,2025-10-04,Active
273,434,Savings,2025-09-24,Closed
274,451,Checking,2025-06-30,Active
275,49,Savings,2025-02-24,Active
276,292,Savings,2025-04-16,Active
277,382,Checking,2025-05-04,Active
278,324,Checking,2025-03-15,Active
279,78,Savings,2025-08-12,Active
280,105,Checking,2025-05-28,Active
281,169,Credit,2025-10-12,Active
282,217,Savings,2025-03-10,Active
283,378,Credit,2025-07-22,Active
284,119,Savings,2025-05-24,Active
285,190,Savings,2025-04-10,Active
286,255,Savings,2025-08-18,Active
287,370,Checking,2025-03-12,Active
288,266,Checking,2025-04-04,Active
289,149,Credit,2025-06-15,Active
290,164,Savings,2025-08-19,Active
291,140,Credit,2026-01-11,Closed
292,347,Credit,2025-08-02,Frozen
293,488,Credit,2025-12-16,Active
294,258,Loan,2025-08-11,Active
295,374,Savings,2025-05-18,Active
296,269,Checking,2025-03-27,Active
297,181,Savings,2025-12-16,Active
298,160,Checking,2025-11-12,Active
299,351,Savings,2025-06-22,Active
300,400,Credit,2025-11-08,Active
301,288,Savings,2025-12-03,Active
302,288,Checking,2025-06-13,Active
303,380,Checking,2025-02-23,Active
304,226,Savings,2025-05-22,Active
305,11,Checking,2025-07-12,Active
306,10,Credit,2025-05-12,Active
307,271,Checking,2025-04-18,Active
308,273,Checking,2025-12-26,Active
309,424,Checking,2025-02-09,Active
310,402,Savings,2025-10-17,Active
311,183,Savings,2025-07-29,Active
312,457,Checking,2025-11-28,Active
313,153,Checking,2025-11-14,Active
314,488,Savings,2025-02-18,Active
315,315,Checking,2025-03-04,Active
316,334,Savings,2025-11-29,Active
317,124,Savings,2025-02-22,Active
318,473,Checking,2025-10-19,Active
319,114,Checking,2025-09-29,Closed
320,278,Loan,2025-12-16,Active
321,500,Savings,2025-12-01,Active
322,414,Savings,2025-02-01,Active
323,468,Checking,2025-12-18,Active
324,213,Savings,2025-04-27,Closed
325,172,Checking,2025-03-20,Active
326,288,Savings,2026-01-26,Active
327,435,Loan,2025-03-03,Active
328,174,Checking,2025-08-19,Active
329,113,Checking,2025-11-26,Active
330,376,Checking,2025-03-14,Active
331,405,Checking,2025-03-27,Active
332,483,Checking,2025-08-23,Frozen
333,122,Checking,2025-10-23,Active
334,32,Credit,2025-07-22,Active
335,222,Savings,2025-02-06,Active
336,119,Checking,2025-03-01,Active
337,39,Loan,2025-10-25,Active
338,497,Checking,2025-02-18,Active
339,268,Loan,2025-05-24,Active
340,233,Checking,2025-10-27,Active
341,431,Credit,2026-01-28,Active
342,18,Savings,2025-08-11,Closed
343,149,Credit,2025-05-09,Active
344,397,Loan,2025-12-29,Active
345,149,Checking,2025-05-18,Active
346,126,Loan,2025-04-09,Active
347,392,Checking,2025-09-01,Active
348,302,Checking,2025-08-04,Active
349,360,Checking,2025-12-12,Active
350,238,Savings,2025-06-21,Active
351,135,Checking,2026-01-23,Active
352,151,Savings,2025-05-15,Active
353,236,Savings,2025-05-16,Active
354,224,Credit,2025-04-16,Active
355,203,Credit,2025-02-06,Active
356,256,Savings,2025-12-27,Active
357,86,Checking,2026-01-27,Active
358,150,Checking,2025-12-26,Active
359,235,Checking,2025-04-20,Active
360,345,Checking,2025-02-08,Active
361,22,Checking,2025-11-14,Active
362,348,Checking,2025-12-11,Active
363,285,Loan,2025-02-19,Active
364,269,Savings,2025-07-27,Active
365,466,Checking,2025-05-03,Active
366,258,Savings,2025-06-01,Active
367,29,Checking,2025-06-17,Active
368,213,Savings,2025-09-24,Active
369,463,Savings,2025-12-22,Closed
370,436,Savings,2025-07-02,Active
371,283,Savings,2025-06-23,Active
372,50,Loan,2025-10-01,Active
373,95,Credit,2025-05-15,Active
374,463,Savings,2025-09-07,Active
375,499,Savings,2025-04-25,Active
376,407,Savings,2025-02-27,Active
377,88,Checking,2026-01-10,Active
378,44,Checking,2025-08-09,Active
379,461,Checking,2025-02-01,Frozen
380,278,Savings,2025-03-21,Active
381,171,Savings,2025-10-06,Closed
382,421,Checking,2025-02-27,Active
383,189,Loan,2025-08-02,Active
384,353,Loan,2025-02-20,Active
385,184,Credit,2025-03-16,Active
386,3,Savings,2025-02-14,Active
387,191,Credit,2025-11-15,Closed
388,118,Checking,2025-02-23,Closed
389,19,Credit,2025-03-01,Active
390,23,Checking,2025-08-10,Active
391,413,Credit,2025-12-29,Active
392,30,Checking,2025-12-27,Frozen
393,295,Credit,2026-01-24,Active
394,108,Loan,2025-12-02,Active
395,367,Checking,2025-12-01,Active
396,281,Savings,2025-02-22,Active
397,128,Loan,2025-06-02,Frozen
398,229,Savings,2025-09-01,Active
399,111,Credit,2025-05-05,Active
400,136,Savings,2025-03-14,Active
401,362,Checking,2025-09-22,Active
402,186,Checking,2025-09-20,Active
403,144,Checking,2025-09-30,Active
404,72,Credit,2025-09-19,Active
405,129,Checking,2025-03-13,Closed
406,364,Savings,2025-03-31,Active
407,261,Savings,2025-08-19,Active
408,3,Savings,2025-07-22,Closed
409,449,Credit,2025-06-07,Active
410,388,Loan,2025-08-11,Active
411,104,Savings,2025-01-28,Active
412,483,Credit,2025-09-28,Active
413,224,Credit,2025-12-23,Active
414,320,Savings,2025-11-01,Frozen
415,362,Loan,2025-07-02,Active
416,354,Checking,2025-03-14,Active
417,491,Checking,2025-10-27,Active
418,473,Credit,2025-11-01,Active
419,10,Savings,2025-08-13,Active
420,405,Credit,2025-11-16,Active
421,384,Credit,2025-05-31,Active
422,302,Checking,2025-07-04,Active
423,231,Credit,2025-09-02,Closed
424,219,Savings,2025-10-17,Active
425,411,Savings,2025-11-19,Active
426,66,Savings,2025-11-26,Active
427,425,Loan,2025-12-02,Active
428,112,Checking,2025-09-05,Active
429,13,Savings,2025-07-20,Active
430,393,Savings,2025-02-07,Active
431,500,Credit,2025-10-13,Active
432,420,Savings,2026-01-03,Closed
433,86,Checking,2025-10-23,Closed
434,234,Checking,2025-09-30,Closed
435,90,Checking,2025-01-30,Active
436,314,Credit,2025-07-11,Active
437,54,Checking,2025-11-14,Active
438,12,Checking,2025-06-21,Active
439,209,Loan,2025-12-01,Active
440,462,Checking,2025-09-05,Active
441,14,Loan,2025-10-12,Active
442,121,Savings,2025-07-14,Active
443,418,Credit,2025-03-19,Active
444,437,Checking,2025-03-22,Active
445,377,Checking,2025-06-28,Active
446,20,Credit,2025-10-05,Active
447,75,Credit,2025-12-02,Active
448,400,Credit,2025-09-30,Active
449,243,Checking,2025-06-04,Active
450,223,Credit,2025-05-15,Active
451,70,Credit,2025-02-17,Active
452,312,Savings,2025-02-21,Active
453,211,Credit,2025-06-10,Active
454,101,Credit,2025-04-04,Closed
455,186,Savings,2025-06-28,Active
456,132,Checking,2025-05-11,Active
457,111,Savings,2025-10-14,Active
458,381,Checking,2025-10-30,Closed
459,132,Savings,2025-10-02,Active
460,20,Savings,2026-01-03,Active
461,394,Checking,2025-11-13,Active
462,24,Checking,2025-03-04,Closed
463,227,Checking,2025-07-14,Active
464,154,Credit,2025-07-24,Active
465,293,Loan,2025-07-11,Active
466,230,Checking,2025-11-14,Active
467,469,Loan,2025-05-29,Active
468,310,Savings,2025-11-21,Active
469,488,Checking,2025-10-10,Active
470,359,Checking,2025-08-12,Active
471,405,Savings,2025-11-04,Active
472,202,Credit,2025-12-28,Frozen
473,38,Credit,2025-07-01,Active
474,430,Checking,2025-12-09,Active
475,260,Checking,2025-06-19,Active
476,188,Savings,2026-01-15,Active
477,57,Checking,2025-10-28,Active
478,429,Checking,2025-07-08,Active
479,20,Checking,2025-11-14,Active
480,273,Credit,2025-04-01,Active
481,119,Loan,2025-03-29,Active
482,71,Savings,2025-09-20,Active
483,4,Loan,2025-02-20,Active
484,221,Checking,2025-05-28,Closed
485,14,Savings,2025-08-03,Active
486,3,Checking,2025-11-30,Frozen
487,216,Savings,2025-11-29,Active
488,229,Loan,2025-03-30,Frozen
489,336,Savings,2025-10-08,Active
490,186,Checking,2025-10-16,Active
491,55,Savings,2025-12-19,Active
492,500,Checking,2025-12-02,Active
493,388,Credit,2025-10-11,Active
494,376,Savings,2025-05-25,Active
495,254,Savings,2025-10-30,Active
496,24,Savings,2025-11-09,Active
497,162,Savings,2026-01-24,Active
498,158,Checking,2025-10-06,Active
499,82,Savings,2025-08-04,Active
500,403,Checking,2025-03-13,Active
501,159,Credit,2025-08-03,Active
502,188,Credit,2025-12-22,Active
503,60,Credit,2025-06-14,Active
504,403,Savings,2025-04-13,Active
505,305,Savings,2025-10-20,Active
506,319,Checking,2025-09-06,Active
507,366,Credit,2025-02-01,Active
508,211,Checking,2025-07-13,Active
509,406,Savings,2025-08-08,Active
510,152,Checking,2025-12-14,Active
511,109,Checking,2025-10-09,Active
512,76,Savings,2025-12-07,Active
513,30,Checking,2025-11-12,Active
514,314,Credit,2025-08-24,Active
515,486,Checking,2025-08-30,Active
516,117,Checking,2025-06-08,Active
517,415,Savings,2025-04-07,Active
518,356,Checking,2025-04-12,Active
519,192,Checking,2025-03-08,Closed
520,19,Credit,2025-12-29,Active
521,432,Checking,2025-09-28,Closed
522,173,Credit,2025-10-16,Active
523,228,Checking,2026-01-07,Active
524,350,Checking,2025-08-07,Active
525,183,Credit,2025-12-24,Active
526,113,Checking,2025-05-09,Active
527,183,Checking,2025-07-18,Active
528,481,Checking,2025-07-30,Active
529,146,Checking,2025-12-29,Frozen
530,319,Credit,2025-06-03,Active
531,116,Checking,2025-05-29,Active
532,113,Credit,2025-05-15,Active
533,251,Credit,2025-07-09,Active
534,476,Savings,2025-06-02,Active
535,251,Loan,2025-08-26,Active
536,303,Checking,2025-03-09,Closed
537,459,Loan,2025-02-06,Active
538,313,Checking,2025-10-18,Active
539,118,Savings,2025-11-21,Active
540,301,Savings,2025-10-06,Active
541,161,Checking,2025-02-05,Active
542,401,Savings,2025-09-14,Active
543,198,Credit,2025-12-27,Active
544,260,Checking,2025-04-29,Active
545,148,Checking,2025-04-19,Active
546,240,Credit,2025-12-01,Active
547,47,Savings,2025-10-26,Active
548,475,Loan,2025-03-14,Active
549,399,Credit,2025-03-22,Active
550,198,Loan,2025-03-27,Active
551,47,Credit,2025-02-04,Active
552,78,Checking,2025-02-05,Active
553,124,Checking,2025-10-10,Active
554,75,Credit,2025-06-11,Active
555,359,Savings,2025-11-13,Active
556,137,Checking,2026-01-21,Active
557,90,Checking,2025-12-18,Active
558,400,Loan,2025-08-30,Active
559,325,Savings,2025-09-28,Active
560,500,Savings,2025-10-20,Active
561,61,Savings,2025-02-15,Active
562,138,Checking,2025-05-19,Active
563,50,Checking,2025-12-09,Active
564,259,Checking,2025-02-19,Active
565,461,Checking,2025-10-26,Closed
566,107,Credit,2025-02-09,Active
567,113,Savings,2025-07-02,Closed
568,350,Credit,2025-10-10,Closed
569,254,Credit,2025-09-16,Closed
570,118,Checking,2025-10-09,Active
571,493,Savings,2025-12-14,Active
572,198,Savings,2026-01-22,Active
573,337,Credit,2025-06-20,Active
574,365,Checking,2025-12-09,Active
575,51,Savings,2025-11-05,Active
576,245,Savings,2025-11-16,Active
577,403,Checking,2025-07-27,Active
578,426,Checking,2025-10-15,Active
579,35,Savings,2025-04-04,Active
580,302,Credit,2025-11-28,Active
581,410,Checking,2025-03-19,Active
582,499,Savings,2025-10-10,Active
583,69,Checking,2025-05-13,Active
584,349,Credit,2026-01-28,Active
585,320,Checking,2025-12-17,Closed
586,421,Credit,2025-03-07,Active
587,468,Checking,2025-07-03,Active
588,49,Checking,2025-10-11,Active
589,405,Checking,2025-12-11,Active
590,74,Checking,2025-11-21,Active
591,192,Savings,2026-01-24,Active
592,261,Checking,2025-10-25,Active
593,356,Credit,2025-10-07,Active
594,70,Checking,2025-04-16,Active
595,90,Checking,2025-05-06,Active
596,260,Checking,2025-03-21,Frozen
597,126,Checking,2026-01-21,Frozen
598,231,Checking,2025-03-14,Active
599,295,Savings,2025-12-01,Active
600,498,Savings,2025-02-20,Active
601,419,Savings,2025-04-23,Active
602,129,Savings,2025-10-26,Active
603,280,Savings,2025-03-28,Closed
604,313,Checking,2026-01-05,Active
605,100,Savings,2025-08-21,Active
606,326,Loan,2025-11-26,Active
607,297,Savings,2025-04-26,Frozen
608,182,Savings,2025-09-26,Active
609,174,Checking,2025-07-05,Active
610,316,Credit,2025-12-15,Active
611,364,Credit,2025-05-07,Active
612,188,Savings,2025-06-28,Active
613,57,Loan,2025-10-04,Closed
614,31,Checking,2025-02-16,Active
615,84,Checking,2025-03-30,Active
616,152,Credit,2025-12-05,Active
617,473,Credit,2025-05-07,Active
618,36,Checking,2025-07-26,Active
619,213,Checking,2025-03-01,Active
620,414,Checking,2025-11-15,Active
621,408,Checking,2025-02-16,Active
622,364,Credit,2026-01-17,Active
623,106,Savings,2025-10-10,Active
624,414,Checking,2025-05-23,Closed
625,342,Checking,2025-10-25,Active
626,220,Checking,2025-04-12,Active
627,391,Checking,2025-07-22,Active
628,163,Savings,2025-02-04,Active
629,439,Loan,2025-04-22,Active
630,220,Credit,2025-11-15,Active
631,270,Checking,2025-02-09,Active
632,120,Credit,2025-12-26,Active
633,394,Credit,2026-01-19,Active
634,336,Credit,2025-08-31,Active
635,400,Savings,2025-06-12,Frozen
636,182,Checking,2025-04-29,Active
637,479,Checking,2025-08-05,Active
638,106,Checking,2025-08-16,Active
639,217,Checking,2025-07-27,Closed
640,205,Checking,2025-03-30,Active
641,70,Savings,2025-07-26,Active
642,44,Credit,2025-03-17,Active
643,329,Savings,2025-12-02,Active
644,301,Checking,2025-12-08,Active
645,228,Loan,2025-07-05,Active
646,184,Loan,2025-06-20,Active
647,107,Credit,2025-06-29,Active
648,84,Loan,2025-04-15,Active
649,338,Savings,2025-02-18,Active
650,250,Loan,2025-05-07,Active
651,363,Checking,2025-03-09,Active
652,441,Checking,2026-01-22,Active
653,21,Checking,2025-12-29,Frozen
654,196,Checking,2025-04-18,Active
655,178,Checking,2026-01-08,Active
656,417,Savings,2025-05-01,Active
657,475,Credit,2025-05-17,Active
658,7,Savings,2025-03-03,Closed
659,70,Checking,2025-04-24,Active
660,127,Credit,2025-08-09,Active
661,399,Savings,2026-01-15,Active
662,466,Checking,2025-08-29,Active
663,160,Savings,2025-04-30,Active
664,248,Checking,2026-01-17,Active
665,203,Checking,2025-03-25,Active
666,148,Loan,2025-11-04,Active
667,472,Checking,2026-01-03,Active
668,143,Savings,2025-07-26,Closed
669,432,Credit,2025-02-24,Active
670,199,Credit,2025-02-03,Active
671,405,Checking,2026-01-23,Active
672,426,Checking,2025-11-08,Active
673,154,Checking,2025-07-13,Active
674,492,Savings,2025-10-09,Active
675,376,Savings,2025-12-14,Active
676,384,Checking,2025-12-18,Active
677,142,Loan,2025-04-01,Active
678,313,Savings,2025-11-24,Active
679,165,Checking,2025-04-04,Active
680,314,Savings,2025-08-19,Active
681,21,Savings,2025-07-22,Active
682,82,Checking,2025-01-29,Active
683,69,Checking,2025-07-18,Active
684,131,Credit,2025-04-02,Active
685,87,Savings,2025-04-18,Active
686,218,Savings,2025-05-19,Active
687,421,Savings,2025-08-09,Active
688,472,Checking,2025-09-13,Active
689,305,Checking,2025-09-08,Active
690,403,Savings,2025-07-03,Active
691,371,Checking,2025-09-30,Active
692,345,Checking,2025-03-31,Active
693,341,Credit,2026-01-11,Active
694,384,Loan,2025-10-06,Active
695,396,Credit,2026-01-13,Active
696,445,Credit,2025-03-29,Active
697,425,Checking,2025-11-29,Active
698,161,Loan,2025-10-14,Active
699,178,Checking,2025-06-29,Closed
700,117,Loan,2025-06-02,Closed
701,196,Loan,2025-05-06,Active
702,383,Credit,2025-07-31,Active
703,490,Loan,2025-11-10,Active
704,327,Savings,2025-12-20,Active
705,86,Checking,2025-04-07,Active
706,289,Savings,2025-10-29,Active
707,81,Savings,2025-05-01,Active
708,152,Checking,2025-11-22,Active
709,61,Savings,2025-06-17,Active
710,61,Loan,2025-07-18,Active
711,354,Checking,2025-07-04,Active
712,28,Credit,2025-03-26,Active
713,442,Loan,2025-08-01,Active
714,43,Loan,2025-07-10,Active
715,169,Loan,2025-12-21,Active
716,423,Savings,2025-05-16,Frozen
717,86,Loan,2025-09-22,Active
718,177,Credit,2025-09-19,Frozen
719,17,Checking,2025-05-06,Frozen
720,98,Savings,2025-09-05,Active
721,454,Credit,2025-06-09,Active
722,494,Checking,2025-02-06,Active
723,198,Savings,2025-08-21,Active
724,98,Savings,2025-03-23,Active
725,65,Checking,2026-01-11,Active
726,330,Savings,2025-02-13,Active
727,341,Credit,2025-03-05,Active
728,5,Savings,2025-05-27,Active
729,2,Checking,2025-10-29,Active
730,22,Checking,2025-08-28,Active
731,112,Checking,2025-06-02,Active
732,57,Loan,2025-02-14,Active
733,66,Checking,2025-11-22,Closed
734,330,Savings,2025-06-14,Active
735,98,Checking,2025-08-03,Active
736,144,Checking,2025-02-12,Active
737,368,Credit,2025-07-17,Active
738,435,Credit,2025-11-29,Active
739,125,Checking,2025-10-23,Active
740,167,Savings,2025-11-01,Active
741,86,Checking,2025-10-23,Closed
742,76,Savings,2025-07-21,Frozen
743,344,Savings,2025-10-05,Active
744,495,Checking,2026-01-19,Active
745,424,Checking,2025-12-26,Active
746,294,Checking,2025-07-13,Active
747,444,Loan,2025-02-15,Active
748,59,Loan,2025-09-26,Active
749,138,Checking,2025-09-08,Active
750,99,Credit,2025-06-23,Frozen
751,192,Checking,2025-05-25,Active
752,243,Checking,2025-06-12,Active
753,319,Credit,2025-12-22,Active
754,49,Loan,2025-05-10,Active
755,448,Loan,2025-06-12,Active
756,32,Savings,2025-03-14,Active
757,391,Checking,2026-01-18,Active
758,277,Credit,2025-08-24,Active
759,20,Checking,2025-08-19,Active
760,154,Savings,2025-12-19,Active
761,383,Checking,2025-10-11,Active
762,68,Savings,2025-08-05,Active
763,366,Checking,2025-10-12,Active
764,372,Checking,2025-02-21,Active
765,214,Loan,2025-11-01,Active
766,143,Checking,2026-01-08,Active
767,376,Savings,2025-09-26,Active
768,232,Checking,2025-08-05,Active
769,213,Checking,2025-10-03,Active
770,79,Checking,2025-10-04,Active
771,214,Checking,2025-10-06,Active
772,116,Credit,2025-09-03,Active
773,92,Checking,2025-08-04,Active
774,270,Loan,2025-03-12,Active
775,411,Savings,2025-03-23,Active
776,381,Savings,2025-04-06,Closed
777,489,Savings,2025-12-31,Active
778,168,Savings,2025-06-10,Active
779,58,Credit,2025-10-21,Active
780,284,Checking,2026-01-04,Active
781,26,Checking,2025-12-03,Active
782,369,Credit,2025-07-22,Active
783,447,Loan,2025-05-27,Active
784,66,Credit,2026-01-26,Active
785,409,Savings,2025-07-12,Active
786,248,Credit,2025-05-23,Active
787,254,Savings,2025-08-15,Active
788,387,Savings,2025-12-05,Active
789,456,Checking,2025-02-21,Frozen
790,44,Savings,2025-12-02,Active
791,97,Checking,2025-11-05,Closed
792,42,Checking,2025-02-25,Active
793,500,Credit,2025-08-27,Active
794,227,Checking,2025-12-29,Active
795,262,Checking,2025-07-09,Active
796,167,Checking,2025-10-26,Active
797,436,Loan,2025-12-12,Active
798,279,Savings,2025-11-25,Active
799,89,Savings,2025-10-20,Closed
800,379,Credit,2026-01-11,Active
